id,tour,gender,type,stage,title,start,end,city,state_country,tourUrl,signupUrl,mondayUrl,mondayDate
,Minor League Golf Tour,Men,Event,,Atlantic National Golf Club,2026-02-25,2026-02-25,Lake Worth," Lake Worth, FL, USA",https://www.minorleaguegolf.com/index_events.asp,https://www.minorleaguegolf.com/welcomereg2017.asp?event_ID=5141,,
,Minor League Golf Tour,Men,Training Division,,Atlantic National Golf Club,2026-02-25,2026-02-25,Lake Worth," Lake Worth, FL, USA",https://www.minorleaguegolf.com/index_events.asp,https://www.minorleaguegolf.com/welcomereg2017.asp?event_ID=5143,,
,Minor League Golf Tour,Men,Event,,2026 Lake County Open,2026-03-03,2026-03-03,Howie-In-The-Hills," Howie-In-The-Hills, FL, USA",https://www.minorleaguegolf.com/index_events.asp,https://www.minorleaguegolf.com/welcomereg2017.asp?event_ID=5166,,
,Minor League Golf Tour,Men,Event,,Mission Resort - Las Colinas,2026-03-05,2026-03-05,Howie-In-The-Hills," Howie-In-The-Hills, FL, USA",https://www.minorleaguegolf.com/index_events.asp,https://www.minorleaguegolf.com/welcomereg2017.asp?event_ID=5167,,
,Minor League Golf Tour,Men,Event,,2026 Monday Qualifier Contest #3 presented by Abacoa GC,2026-03-09,2026-03-09,Stuart," Stuart, FL, USA",https://www.minorleaguegolf.com/index_events.asp,https://www.minorleaguegolf.com/welcomereg2017.asp?event_ID=5161,,
,Minor League Golf Tour,Men,Event,,Country Club of Coral Springs - New Par 70,2026-03-09,2026-03-09,Coral Springs," Coral Springs, FL, USA",https://www.minorleaguegolf.com/index_events.asp,https://www.minorleaguegolf.com/welcomereg2017.asp?event_ID=5237,,
,Minor League Golf Tour,Men,Training Division,,Country Club of Coral Springs - New Par 70,2026-03-09,2026-03-09,Coral Springs," Coral Springs, FL, USA",https://www.minorleaguegolf.com/index_events.asp,https://www.minorleaguegolf.com/welcomereg2017.asp?event_ID=5238,,
,Minor League Golf Tour,Men,Event,,Abacoa Golf Club - Par 71,2026-03-10,2026-03-10,Jupiter," Jupiter, FL, USA",https://www.minorleaguegolf.com/index_events.asp,https://www.minorleaguegolf.com/welcomereg2017.asp?event_ID=5174,,
,Minor League Golf Tour,Men,Training Division,,Abacoa Golf Club - Par 71,2026-03-10,2026-03-10,Jupiter," Jupiter, FL, USA",https://www.minorleaguegolf.com/index_events.asp,https://www.minorleaguegolf.com/welcomereg2017.asp?event_ID=5175,,
,Minor League Golf Tour,Men,Event,,Park Ridge Winter Classic,2026-03-11,2026-03-11,Lake Worth," Lake Worth , FL, USA",https://www.minorleaguegolf.com/index_events.asp,https://www.minorleaguegolf.com/welcomereg2017.asp?event_ID=5240,,
,Minor League Golf Tour,Men,Training Division,,Park Ridge Golf Course,2026-03-11,2026-03-11,Lake Worth," Lake Worth , FL, USA",https://www.minorleaguegolf.com/index_events.asp,https://www.minorleaguegolf.com/welcomereg2017.asp?event_ID=5241,,
,Minor League Golf Tour,Men,Event,,Fountains Country Club - West Course,2026-03-16,2026-03-16,Lake Worth," Lake Worth, FL, USA",https://www.minorleaguegolf.com/index_events.asp,https://www.minorleaguegolf.com/welcomereg2017.asp?event_ID=5205,,
,Minor League Golf Tour,Men,Training Division,,Fountains Country Club - West Course,2026-03-16,2026-03-16,Lake Worth," Lake Worth, FL, USA",https://www.minorleaguegolf.com/index_events.asp,https://www.minorleaguegolf.com/welcomereg2017.asp?event_ID=5206,,
,Minor League Golf Tour,Men,Event,,Banyan Creek Golf Club,2026-03-18,2026-03-18,Palm City," Palm City, FL, USA",https://www.minorleaguegolf.com/index_events.asp,https://www.minorleaguegolf.com/welcomereg2017.asp?event_ID=5182,,
,Minor League Golf Tour,Men,Training Division,,Banyan Creek Golf Club,2026-03-18,2026-03-18,Palm City," Palm City, FL, USA",https://www.minorleaguegolf.com/index_events.asp,https://www.minorleaguegolf.com/welcomereg2017.asp?event_ID=5184,,
,Minor League Golf Tour,Men,Event,,Banyan Creek Golf Club,2026-03-19,2026-03-19,Palm City," Palm City, FL, USA",https://www.minorleaguegolf.com/index_events.asp,https://www.minorleaguegolf.com/welcomereg2017.asp?event_ID=5183,,
,Minor League Golf Tour,Men,Training Division,,Banyan Creek Golf Club,2026-03-19,2026-03-19,Palm City," Palm City, FL, USA",https://www.minorleaguegolf.com/index_events.asp,https://www.minorleaguegolf.com/welcomereg2017.asp?event_ID=5185,,
,Minor League Golf Tour,Men,Event,,Miami Lakes Golf Club,2026-03-23,2026-03-23,Miami Lakes," Miami Lakes, FL, USA",https://www.minorleaguegolf.com/index_events.asp,https://www.minorleaguegolf.com/welcomereg2017.asp?event_ID=5222,,
,Minor League Golf Tour,Men,Training Division,,Miami Lakes Golf Club,2026-03-23,2026-03-23,Miami Lakes," Miami Lakes, FL, USA",https://www.minorleaguegolf.com/index_events.asp,https://www.minorleaguegolf.com/welcomereg2017.asp?event_ID=5223,,
,Minor League Golf Tour,Men,Event,,Atlantic National Golf Club,2026-03-24,2026-03-24,Lake Worth," Lake Worth, FL, USA",https://www.minorleaguegolf.com/index_events.asp,https://www.minorleaguegolf.com/welcomereg2017.asp?event_ID=5144,,
,Minor League Golf Tour,Men,Training Division,,Atlantic National Golf Club,2026-03-24,2026-03-24,Lake Worth," Lake Worth, FL, USA",https://www.minorleaguegolf.com/index_events.asp,https://www.minorleaguegolf.com/welcomereg2017.asp?event_ID=5146,,
,Minor League Golf Tour,Men,Event,,Atlantic National Golf Club,2026-03-25,2026-03-25,Lake Worth," Lake Worth, FL, USA",https://www.minorleaguegolf.com/index_events.asp,https://www.minorleaguegolf.com/welcomereg2017.asp?event_ID=5145,,
,Minor League Golf Tour,Men,Training Division,,Atlantic National Golf Club,2026-03-25,2026-03-25,Lake Worth," Lake Worth, FL, USA",https://www.minorleaguegolf.com/index_events.asp,https://www.minorleaguegolf.com/welcomereg2017.asp?event_ID=5147,,
,Minor League Golf Tour,Men,Event,,Indian Spring - East Course - Par 71,2026-03-30,2026-03-30,Boynton Beach," Boynton Beach, FL, USA",https://www.minorleaguegolf.com/index_events.asp,https://www.minorleaguegolf.com/welcomereg2017.asp?event_ID=5213,,
,Minor League Golf Tour,Men,Training Division,,Indian Spring - East Course - Par 71,2026-03-30,2026-03-30,Boynton Beach," Boynton Beach, FL, USA",https://www.minorleaguegolf.com/index_events.asp,https://www.minorleaguegolf.com/welcomereg2017.asp?event_ID=5215,,
,Minor League Golf Tour,Men,Event,,2nd Day Shootout - Players outside the money eligible,2026-03-31,2026-03-31,Boynton Beach," Boynton Beach, FL, USA",https://www.minorleaguegolf.com/index_events.asp,https://www.minorleaguegolf.com/welcomereg2017.asp?event_ID=5214,,
,Minor League Golf Tour,Men,Training Division,,Indian Spring - East Course - Par 71,2026-03-31,2026-03-31,Boynton Beach," Boynton Beach, FL, USA",https://www.minorleaguegolf.com/index_events.asp,https://www.minorleaguegolf.com/welcomereg2017.asp?event_ID=5216,,
,Minor League Golf Tour,Men,Event,,Fountains Country Club - West Course,2026-04-02,2026-04-02,Lake Worth," Lake Worth, FL, USA",https://www.minorleaguegolf.com/index_events.asp,https://www.minorleaguegolf.com/welcomereg2017.asp?event_ID=5244,,
,Minor League Golf Tour,Men,Training Division,,Fountains Country Club - West Course,2026-04-02,2026-04-02,Lake Worth," Lake Worth, FL, USA",https://www.minorleaguegolf.com/index_events.asp,https://www.minorleaguegolf.com/welcomereg2017.asp?event_ID=5245,,
,Minor League Golf Tour,Men,Event,,2026 Palm Beach County Open presented by Tremont,2026-04-07,2026-04-07,Stuart," Stuart, FL, USA",https://www.minorleaguegolf.com/index_events.asp,https://www.minorleaguegolf.com/welcomereg2017.asp?event_ID=5228,,
,Minor League Golf Tour,Men,Event,,Osprey Point - Falcon/Raven - Par 71,2026-04-09,2026-04-09,Boca Raton," Boca Raton, FL, USA",https://www.minorleaguegolf.com/index_events.asp,https://www.minorleaguegolf.com/welcomereg2017.asp?event_ID=5229,,
,Minor League Golf Tour,Men,Event,,Miami Lakes Golf Club,2026-04-13,2026-04-13,Miami Lakes," Miami Lakes, FL, USA",https://www.minorleaguegolf.com/index_events.asp,https://www.minorleaguegolf.com/welcomereg2017.asp?event_ID=5224,,
,Minor League Golf Tour,Men,Training Division,,Miami Lakes Golf Club,2026-04-13,2026-04-13,Miami Lakes," Miami Lakes, FL, USA",https://www.minorleaguegolf.com/index_events.asp,https://www.minorleaguegolf.com/welcomereg2017.asp?event_ID=5226,,
,Minor League Golf Tour,Men,Event,,Miami Lakes Golf Club,2026-04-14,2026-04-14,Miami Lakes," Miami Lakes, FL, USA",https://www.minorleaguegolf.com/index_events.asp,https://www.minorleaguegolf.com/welcomereg2017.asp?event_ID=5225,,
,Minor League Golf Tour,Men,Training Division,,Miami Lakes Golf Club,2026-04-14,2026-04-14,Miami Lakes," Miami Lakes, FL, USA",https://www.minorleaguegolf.com/index_events.asp,https://www.minorleaguegolf.com/welcomereg2017.asp?event_ID=5227,,
,Minor League Golf Tour,Men,Event,,Indian Spring East April Classic,2026-04-16,2026-04-16,Boynton Beach," Boynton Beach, FL, USA",https://www.minorleaguegolf.com/index_events.asp,https://www.minorleaguegolf.com/welcomereg2017.asp?event_ID=5242,,
,Minor League Golf Tour,Men,Training Division,,Indian Spring - East Course - Par 71,2026-04-16,2026-04-16,Boynton Beach," Boynton Beach, FL, USA",https://www.minorleaguegolf.com/index_events.asp,https://www.minorleaguegolf.com/welcomereg2017.asp?event_ID=5243,,
,Minor League Golf Tour,Men,Event,,Abacoa Golf Club - Par 71,2026-04-21,2026-04-21,Jupiter," Jupiter, FL, USA",https://www.minorleaguegolf.com/index_events.asp,https://www.minorleaguegolf.com/welcomereg2017.asp?event_ID=5176,,
,Minor League Golf Tour,Men,Event,,Abacoa Golf Club - Par 71,2026-04-22,2026-04-22,Jupiter," Jupiter, FL, USA",https://www.minorleaguegolf.com/index_events.asp,https://www.minorleaguegolf.com/welcomereg2017.asp?event_ID=5177,,
,Minor League Golf Tour,Men,Event,,The Florida Club - Par 71,2026-04-29,2026-04-29,Stuart," Stuart, FL, USA",https://www.minorleaguegolf.com/index_events.asp,https://www.minorleaguegolf.com/welcomereg2017.asp?event_ID=5248,,
,Minor League Golf Tour,Men,Training Division,,The Florida Club - Par 71,2026-04-29,2026-04-29,Stuart," Stuart, FL, USA",https://www.minorleaguegolf.com/index_events.asp,https://www.minorleaguegolf.com/welcomereg2017.asp?event_ID=5250,,
,Minor League Golf Tour,Men,Event,,The Florida Club - Par 71,2026-04-30,2026-04-30,Stuart," Stuart, FL, USA",https://www.minorleaguegolf.com/index_events.asp,https://www.minorleaguegolf.com/welcomereg2017.asp?event_ID=5249,,
,Minor League Golf Tour,Men,Training Division,,The Florida Club - Par 71,2026-04-30,2026-04-30,Stuart," Stuart, FL, USA",https://www.minorleaguegolf.com/index_events.asp,https://www.minorleaguegolf.com/welcomereg2017.asp?event_ID=5251,,
,Minor League Golf Tour,Men,Event,,Astor Creek Golf & Country Club,2026-08-24,2026-08-24,Port St. Lucie," Port St. Lucie, FL, USA",https://www.minorleaguegolf.com/index_events.asp,https://www.minorleaguegolf.com/welcomereg2017.asp?event_ID=5233,,
,Minor League Golf Tour,Men,Event,,Astor Creek Golf & Country Club,2026-08-26,2026-08-26,Port St. Lucie," Port St. Lucie, FL, USA",https://www.minorleaguegolf.com/index_events.asp,https://www.minorleaguegolf.com/welcomereg2017.asp?event_ID=5234,,
,Minor League Golf Tour,Men,Training Division,,Astor Creek Golf & Country Club,2026-08-26,2026-08-26,Port St. Lucie," Port St. Lucie, FL, USA",https://www.minorleaguegolf.com/index_events.asp,https://www.minorleaguegolf.com/welcomereg2017.asp?event_ID=5235,,
,Minor League Golf Tour,Men,Event,,Innisbrook - Copperhead,2026-09-13,2026-09-13,Palm Harbor," Palm Harbor, FL, USA",https://www.minorleaguegolf.com/index_events.asp,https://www.minorleaguegolf.com/welcomereg2017.asp?event_ID=5246,,
,Minor League Golf Tour,Men,Event,,Innisbrook - Copperhead,2026-09-15,2026-09-15,Palm Harbor," Palm Harbor, FL, USA",https://www.minorleaguegolf.com/index_events.asp,https://www.minorleaguegolf.com/welcomereg2017.asp?event_ID=5247,,
,Minor League Golf Tour,Men,Event,,2026 Qualifying School Contest #3 presented by Britto & Herman Injury Lawyers,2026-12-31,2026-12-31,Stuart," Stuart, FL, USA",https://www.minorleaguegolf.com/index_events.asp,https://www.minorleaguegolf.com/welcomereg2017.asp?event_ID=5155,,
,Minor League Golf Tour,Men,Event,,2026 Qualifying School Contest #4 presented by Britto & Herman Injury Lawyers,2026-12-31,2026-12-31,Stuart," Stuart, FL, USA",https://www.minorleaguegolf.com/index_events.asp,https://www.minorleaguegolf.com/welcomereg2017.asp?event_ID=5156,,
,Minor League Golf Tour,Men,Event,,2026 Qualifying School Contest #5 presented by Britto & Herman Injury Lawyers,2026-12-31,2026-12-31,Stuart," Stuart, FL, USA",https://www.minorleaguegolf.com/index_events.asp,https://www.minorleaguegolf.com/welcomereg2017.asp?event_ID=5157,,
,Minor League Golf Tour,Men,Event,,2026 Qualifying School Contest #6 presented by Britto & Herman Injury Lawyers,2026-12-31,2026-12-31,Stuart," Stuart, FL, USA",https://www.minorleaguegolf.com/index_events.asp,https://www.minorleaguegolf.com/welcomereg2017.asp?event_ID=5158,,
,Minor League Golf Tour,Men,Event,,2026 Monday Qualifier Contest #4,2026-12-31,2026-12-31,Stuart," Stuart, FL, USA",https://www.minorleaguegolf.com/index_events.asp,https://www.minorleaguegolf.com/welcomereg2017.asp?event_ID=5162,,
,Minor League Golf Tour,Men,Event,,2026 Monday Qualifier Contest #5,2026-12-31,2026-12-31,Stuart," Stuart, FL, USA",https://www.minorleaguegolf.com/index_events.asp,https://www.minorleaguegolf.com/welcomereg2017.asp?event_ID=5163,,
,Minor League Golf Tour,Men,Event,,2026 Monday Qualifier Contest #6,2026-12-31,2026-12-31,Stuart," Stuart, FL, USA",https://www.minorleaguegolf.com/index_events.asp,https://www.minorleaguegolf.com/welcomereg2017.asp?event_ID=5164,,
,Minor League Golf Tour,Men,Event,,2026 Monday Qualifier Contest #7,2026-12-31,2026-12-31,Stuart," Stuart, FL, USA",https://www.minorleaguegolf.com/index_events.asp,https://www.minorleaguegolf.com/welcomereg2017.asp?event_ID=5165,,
,Minor League Golf Tour,Men,Event,,WINTER BREAK (December ?? - January ??),2027-12-30,2027-12-30,Stuart," Stuart, FL, USA",https://www.minorleaguegolf.com/index_events.asp,https://www.minorleaguegolf.com/welcomereg2017.asp?event_ID=5232,,
