id,tour,gender,type,stage,title,start,end,city,state_country,tourUrl,signupUrl,mondayUrl,mondayDate
minor-league-golf-tour-2026-02-16-event-info-stuart,Minor League Golf Tour,Men,Event,,Event Info,2026-02-16,2026-02-16,Stuart,"Stuart, FL, USA",https://www.minorleaguegolf.com/index_events.asp,https://www.minorleaguegolf.com/welcomereg2017.asp?event_ID=5160,,
minor-league-golf-tour-2026-02-16-event-info-west-palm-beach,Minor League Golf Tour,Men,Training Division,,Event Info,2026-02-16,2026-02-16,West Palm Beach,"West Palm Beach, FL, USA",https://www.minorleaguegolf.com/index_events.asp,https://www.minorleaguegolf.com/welcomereg2017.asp?event_ID=5202,,
minor-league-golf-tour-2026-02-17-event-info-jupiter,Minor League Golf Tour,Men,Training Division,,Event Info,2026-02-17,2026-02-17,Jupiter,"Jupiter, FL, USA",https://www.minorleaguegolf.com/index_events.asp,https://www.minorleaguegolf.com/welcomereg2017.asp?event_ID=5173,,
minor-league-golf-tour-2026-02-18-event-info-boynton-beach,Minor League Golf Tour,Men,Training Division,,Event Info,2026-02-18,2026-02-18,Boynton Beach,"Boynton Beach, FL, USA",https://www.minorleaguegolf.com/index_events.asp,https://www.minorleaguegolf.com/welcomereg2017.asp?event_ID=5212,,
minor-league-golf-tour-2026-02-23-event-info-lake-worth,Minor League Golf Tour,Men,Training Division,,Event Info,2026-02-23,2026-02-23,Lake Worth,"Lake Worth, FL, USA",https://www.minorleaguegolf.com/index_events.asp,https://www.minorleaguegolf.com/welcomereg2017.asp?event_ID=5204,,
minor-league-golf-tour-2026-02-24-event-info-lake-worth,Minor League Golf Tour,Men,Training Division,,Event Info,2026-02-24,2026-02-24,Lake Worth,"Lake Worth, FL, USA",https://www.minorleaguegolf.com/index_events.asp,https://www.minorleaguegolf.com/welcomereg2017.asp?event_ID=5142,,
minor-league-golf-tour-2026-02-25-event-info-lake-worth,Minor League Golf Tour,Men,Training Division,,Event Info,2026-02-25,2026-02-25,Lake Worth,"Lake Worth, FL, USA",https://www.minorleaguegolf.com/index_events.asp,https://www.minorleaguegolf.com/welcomereg2017.asp?event_ID=5143,,
minor-league-golf-tour-2026-03-03-event-info-howie-in-the-hills,Minor League Golf Tour,Men,Event,,Event Info,2026-03-03,2026-03-03,Howie-In-The-Hills,"Howie-In-The-Hills, FL, USA",https://www.minorleaguegolf.com/index_events.asp,https://www.minorleaguegolf.com/welcomereg2017.asp?event_ID=5166,,
minor-league-golf-tour-2026-03-05-event-info-howie-in-the-hills,Minor League Golf Tour,Men,Event,,Event Info,2026-03-05,2026-03-05,Howie-In-The-Hills,"Howie-In-The-Hills, FL, USA",https://www.minorleaguegolf.com/index_events.asp,https://www.minorleaguegolf.com/welcomereg2017.asp?event_ID=5167,,
minor-league-golf-tour-2026-03-09-event-info-stuart,Minor League Golf Tour,Men,Event,,Event Info,2026-03-09,2026-03-09,Stuart,"Stuart, FL, USA",https://www.minorleaguegolf.com/index_events.asp,https://www.minorleaguegolf.com/welcomereg2017.asp?event_ID=5161,,
minor-league-golf-tour-2026-03-09-event-info-coral-springs,Minor League Golf Tour,Men,Training Division,,Event Info,2026-03-09,2026-03-09,Coral Springs,"Coral Springs, FL, USA",https://www.minorleaguegolf.com/index_events.asp,https://www.minorleaguegolf.com/welcomereg2017.asp?event_ID=5238,,
minor-league-golf-tour-2026-03-10-event-info-jupiter,Minor League Golf Tour,Men,Training Division,,Event Info,2026-03-10,2026-03-10,Jupiter,"Jupiter, FL, USA",https://www.minorleaguegolf.com/index_events.asp,https://www.minorleaguegolf.com/welcomereg2017.asp?event_ID=5175,,
minor-league-golf-tour-2026-03-11-event-info-lake-worth,Minor League Golf Tour,Men,Training Division,,Event Info,2026-03-11,2026-03-11,Lake Worth,"Lake Worth , FL, USA",https://www.minorleaguegolf.com/index_events.asp,https://www.minorleaguegolf.com/welcomereg2017.asp?event_ID=5241,,
minor-league-golf-tour-2026-03-16-event-info-lake-worth,Minor League Golf Tour,Men,Training Division,,Event Info,2026-03-16,2026-03-16,Lake Worth,"Lake Worth, FL, USA",https://www.minorleaguegolf.com/index_events.asp,https://www.minorleaguegolf.com/welcomereg2017.asp?event_ID=5206,,
minor-league-golf-tour-2026-03-18-event-info-palm-city,Minor League Golf Tour,Men,Training Division,,Event Info,2026-03-18,2026-03-18,Palm City,"Palm City, FL, USA",https://www.minorleaguegolf.com/index_events.asp,https://www.minorleaguegolf.com/welcomereg2017.asp?event_ID=5184,,
minor-league-golf-tour-2026-03-19-event-info-palm-city,Minor League Golf Tour,Men,Training Division,,Event Info,2026-03-19,2026-03-19,Palm City,"Palm City, FL, USA",https://www.minorleaguegolf.com/index_events.asp,https://www.minorleaguegolf.com/welcomereg2017.asp?event_ID=5185,,
minor-league-golf-tour-2026-03-23-event-info-miami-lakes,Minor League Golf Tour,Men,Training Division,,Event Info,2026-03-23,2026-03-23,Miami Lakes,"Miami Lakes, FL, USA",https://www.minorleaguegolf.com/index_events.asp,https://www.minorleaguegolf.com/welcomereg2017.asp?event_ID=5223,,
minor-league-golf-tour-2026-03-24-event-info-lake-worth,Minor League Golf Tour,Men,Training Division,,Event Info,2026-03-24,2026-03-24,Lake Worth,"Lake Worth, FL, USA",https://www.minorleaguegolf.com/index_events.asp,https://www.minorleaguegolf.com/welcomereg2017.asp?event_ID=5146,,
minor-league-golf-tour-2026-03-25-event-info-lake-worth,Minor League Golf Tour,Men,Training Division,,Event Info,2026-03-25,2026-03-25,Lake Worth,"Lake Worth, FL, USA",https://www.minorleaguegolf.com/index_events.asp,https://www.minorleaguegolf.com/welcomereg2017.asp?event_ID=5147,,
minor-league-golf-tour-2026-03-30-event-info-boynton-beach,Minor League Golf Tour,Men,Training Division,,Event Info,2026-03-30,2026-03-30,Boynton Beach,"Boynton Beach, FL, USA",https://www.minorleaguegolf.com/index_events.asp,https://www.minorleaguegolf.com/welcomereg2017.asp?event_ID=5215,,
minor-league-golf-tour-2026-03-31-event-info-boynton-beach,Minor League Golf Tour,Men,Training Division,,Event Info,2026-03-31,2026-03-31,Boynton Beach,"Boynton Beach, FL, USA",https://www.minorleaguegolf.com/index_events.asp,https://www.minorleaguegolf.com/welcomereg2017.asp?event_ID=5216,,
minor-league-golf-tour-2026-04-02-event-info-lake-worth,Minor League Golf Tour,Men,Training Division,,Event Info,2026-04-02,2026-04-02,Lake Worth,"Lake Worth, FL, USA",https://www.minorleaguegolf.com/index_events.asp,https://www.minorleaguegolf.com/welcomereg2017.asp?event_ID=5245,,
minor-league-golf-tour-2026-04-07-event-info-stuart,Minor League Golf Tour,Men,Event,,Event Info,2026-04-07,2026-04-07,Stuart,"Stuart, FL, USA",https://www.minorleaguegolf.com/index_events.asp,https://www.minorleaguegolf.com/welcomereg2017.asp?event_ID=5228,,
minor-league-golf-tour-2026-04-09-event-info-boca-raton,Minor League Golf Tour,Men,Event,,Event Info,2026-04-09,2026-04-09,Boca Raton,"Boca Raton, FL, USA",https://www.minorleaguegolf.com/index_events.asp,https://www.minorleaguegolf.com/welcomereg2017.asp?event_ID=5229,,
minor-league-golf-tour-2026-04-13-event-info-miami-lakes,Minor League Golf Tour,Men,Training Division,,Event Info,2026-04-13,2026-04-13,Miami Lakes,"Miami Lakes, FL, USA",https://www.minorleaguegolf.com/index_events.asp,https://www.minorleaguegolf.com/welcomereg2017.asp?event_ID=5226,,
minor-league-golf-tour-2026-04-14-event-info-miami-lakes,Minor League Golf Tour,Men,Training Division,,Event Info,2026-04-14,2026-04-14,Miami Lakes,"Miami Lakes, FL, USA",https://www.minorleaguegolf.com/index_events.asp,https://www.minorleaguegolf.com/welcomereg2017.asp?event_ID=5227,,
minor-league-golf-tour-2026-04-16-event-info-boynton-beach,Minor League Golf Tour,Men,Training Division,,Event Info,2026-04-16,2026-04-16,Boynton Beach,"Boynton Beach, FL, USA",https://www.minorleaguegolf.com/index_events.asp,https://www.minorleaguegolf.com/welcomereg2017.asp?event_ID=5243,,
minor-league-golf-tour-2026-04-21-event-info-jupiter,Minor League Golf Tour,Men,Event,,Event Info,2026-04-21,2026-04-21,Jupiter,"Jupiter, FL, USA",https://www.minorleaguegolf.com/index_events.asp,https://www.minorleaguegolf.com/welcomereg2017.asp?event_ID=5176,,
minor-league-golf-tour-2026-04-22-event-info-jupiter,Minor League Golf Tour,Men,Event,,Event Info,2026-04-22,2026-04-22,Jupiter,"Jupiter, FL, USA",https://www.minorleaguegolf.com/index_events.asp,https://www.minorleaguegolf.com/welcomereg2017.asp?event_ID=5177,,
minor-league-golf-tour-2026-04-29-event-info-stuart,Minor League Golf Tour,Men,Training Division,,Event Info,2026-04-29,2026-04-29,Stuart,"Stuart, FL, USA",https://www.minorleaguegolf.com/index_events.asp,https://www.minorleaguegolf.com/welcomereg2017.asp?event_ID=5250,,
minor-league-golf-tour-2026-04-30-event-info-stuart,Minor League Golf Tour,Men,Training Division,,Event Info,2026-04-30,2026-04-30,Stuart,"Stuart, FL, USA",https://www.minorleaguegolf.com/index_events.asp,https://www.minorleaguegolf.com/welcomereg2017.asp?event_ID=5251,,
minor-league-golf-tour-2026-08-24-event-info-port-st-lucie,Minor League Golf Tour,Men,Event,,Event Info,2026-08-24,2026-08-24,Port St. Lucie,"Port St. Lucie, FL, USA",https://www.minorleaguegolf.com/index_events.asp,https://www.minorleaguegolf.com/welcomereg2017.asp?event_ID=5233,,
minor-league-golf-tour-2026-08-26-event-info-port-st-lucie,Minor League Golf Tour,Men,Training Division,,Event Info,2026-08-26,2026-08-26,Port St. Lucie,"Port St. Lucie, FL, USA",https://www.minorleaguegolf.com/index_events.asp,https://www.minorleaguegolf.com/welcomereg2017.asp?event_ID=5235,,
minor-league-golf-tour-2026-09-13-event-info-palm-harbor,Minor League Golf Tour,Men,Event,,Event Info,2026-09-13,2026-09-13,Palm Harbor,"Palm Harbor, FL, USA",https://www.minorleaguegolf.com/index_events.asp,https://www.minorleaguegolf.com/welcomereg2017.asp?event_ID=5246,,
minor-league-golf-tour-2026-09-15-event-info-palm-harbor,Minor League Golf Tour,Men,Event,,Event Info,2026-09-15,2026-09-15,Palm Harbor,"Palm Harbor, FL, USA",https://www.minorleaguegolf.com/index_events.asp,https://www.minorleaguegolf.com/welcomereg2017.asp?event_ID=5247,,
minor-league-golf-tour-2026-12-31-event-info-stuart,Minor League Golf Tour,Men,Event,,Event Info,2026-12-31,2026-12-31,Stuart,"Stuart, FL, USA",https://www.minorleaguegolf.com/index_events.asp,https://www.minorleaguegolf.com/welcomereg2017.asp?event_ID=5155,,
minor-league-golf-tour-2027-12-30-event-info-stuart,Minor League Golf Tour,Men,Event,,Event Info,2027-12-30,2027-12-30,Stuart,"Stuart, FL, USA",https://www.minorleaguegolf.com/index_events.asp,https://www.minorleaguegolf.com/welcomereg2017.asp?event_ID=5232,,
